{"cameraMode":{"drawMode":0,"name":"Shaded","section":"Shading Mode"},"sceneLighting":false,"audioPlay":false,"sceneViewState":{"m_AlwaysRefresh":false,"showFog":true,"showSkybox":false,"showFlares":true,"showImageEffects":true,"showParticleSystems":true,"showVisualEffectGraphs":true,"m_FxEnabled":true},"in2DMode":false,"pivot":{"x":1.5481038093566895,"y":0.09328068792819977,"z":1.1559462547302247},"rotation":{"x":0.001421476947143674,"y":0.9073943495750427,"z":-0.0029889517463743688,"w":0.4203307628631592},"size":1.0224545001983643,"orthographic":false}