{"cameraMode":{"drawMode":0,"name":"Shaded","section":"Shading Mode"},"sceneLighting":false,"audioPlay":false,"sceneViewState":{"m_AlwaysRefresh":false,"showFog":true,"showSkybox":false,"showFlares":true,"showImageEffects":true,"showParticleSystems":true,"showVisualEffectGraphs":true,"m_FxEnabled":true},"in2DMode":false,"pivot":{"x":0.5659389495849609,"y":-0.5844531059265137,"z":2.083176612854004},"rotation":{"x":0.05328531935811043,"y":-0.8489489555358887,"z":0.08713901042938233,"w":0.5186576843261719},"size":0.4737534523010254,"orthographic":false}