{"cameraMode":{"drawMode":0,"name":"Shaded","section":"Shading Mode"},"sceneLighting":false,"audioPlay":false,"sceneViewState":{"m_AlwaysRefresh":false,"showFog":true,"showSkybox":false,"showFlares":true,"showImageEffects":true,"showParticleSystems":true,"showVisualEffectGraphs":true,"m_FxEnabled":true},"in2DMode":false,"pivot":{"x":0.691563606262207,"y":-0.5757777690887451,"z":1.3542914390563965},"rotation":{"x":-0.018857484683394433,"y":0.9173630475997925,"z":-0.3952406644821167,"w":-0.04379509016871452},"size":0.37906286120414736,"orthographic":false}