{"cameraMode":{"drawMode":0,"name":"Shaded","section":"Shading Mode"},"sceneLighting":false,"audioPlay":false,"sceneViewState":{"m_AlwaysRefresh":false,"showFog":true,"showSkybox":false,"showFlares":true,"showImageEffects":true,"showParticleSystems":true,"showVisualEffectGraphs":true,"m_FxEnabled":true},"in2DMode":false,"pivot":{"x":-1.8020000457763672,"y":-0.0009792894124984742,"z":0.21115367114543916},"rotation":{"x":0.08384856581687927,"y":-0.20709460973739625,"z":0.01777321845293045,"w":0.9746367931365967},"size":0.08908140659332276,"orthographic":false}