{"cameraMode":{"drawMode":0,"name":"Shaded","section":"Shading Mode"},"sceneLighting":false,"audioPlay":false,"sceneViewState":{"m_AlwaysRefresh":false,"showFog":true,"showSkybox":false,"showFlares":true,"showImageEffects":true,"showParticleSystems":true,"showVisualEffectGraphs":true,"m_FxEnabled":true},"in2DMode":false,"pivot":{"x":2.594282388687134,"y":20.860708236694337,"z":-3.72493314743042},"rotation":{"x":0.6663736701011658,"y":-0.0073693012818694119,"z":0.006560794077813625,"w":0.7456537485122681},"size":2.233948230743408,"orthographic":false}